rsid,chromosome,position,effect_allele,other_allele,beta,standard_error,pval,n_total
rs1000001,12,2350000,A,G,0.110,0.020,5.0e-11,120000
rs1000003,16,9900000,T,C,0.070,0.015,2.0e-8,120000
rs1000005,18,55400000,A,G,0.060,0.016,3.0e-8,120000
rs1000007,10,18500000,T,C,-0.050,0.013,4.0e-8,120000
rs2000001,10,60300000,G,A,0.090,0.020,1.0e-9,120000
rs2000002,12,2500000,C,T,0.080,0.020,5.0e-9,120000
rs2000003,5,1000000,A,G,0.010,0.020,0.2,120000
rs2000004,16,10000000,T,C,0.050,0.020,3.0e-6,120000
rs2000005,4,8000000,G,C,0.005,0.021,0.85,120000
