SNP,CHR,BP,A1,A2,OR,SE,P,N
rs1000001,12,2350000,A,G,1.12,0.020,2.5e-12,150000
rs1000002,11,113450000,C,T,0.90,0.018,8.0e-10,150000
rs1000003,16,9900000,T,C,1.08,0.015,3.0e-9,150000
rs1000004,6,31955000,G,A,1.20,0.025,1.0e-15,150000
rs1000005,18,55400000,A,G,1.07,0.016,4.5e-8,150000
rs1000006,2,184700000,C,T,1.06,0.014,6.0e-9,150000
rs1000007,10,18500000,T,C,1.05,0.013,2.0e-8,150000
rs1000008,3,5000000,A,G,1.02,0.020,3.0e-3,150000
rs1000009,1,71900000,G,A,1.01,0.020,0.4,150000
rs1000010,12,2360000,C,T,1.10,0.020,1.0e-6,150000
rs1000011,7,12000000,A,C,0.99,0.019,0.75,150000
rs1000012,16,9950000,G,T,1.04,0.017,9.0e-4,150000
